sku,ever_succeeded,last_known_status,in_current_item_list,in_done_history,source,matched_url,amazon_url,ebay_url,has_sds,has_spec
MSF1200101,yes,SUCCESS,yes,yes,miles,,,,yes,yes
MSF1200103,yes,SUCCESS,no,no,miles,,,,yes,yes
MSF1200105,yes,SUCCESS,no,yes,miles,,,,yes,yes
MSF1200201,yes,SUCCESS,yes,yes,miles,,,,yes,yes
MSF1200203,yes,SUCCESS,no,no,miles,,,,yes,yes
MSF1200205,yes,SUCCESS,no,yes,miles,,,,yes,yes
MSF1200301,yes,SUCCESS,yes,yes,miles,,,,yes,yes
MSF1200303,yes,SUCCESS,no,no,miles,,,,yes,yes
MSF1200305,yes,SUCCESS,no,yes,miles,,,,yes,yes
MSF1200401,yes,SUCCESS,yes,yes,miles,,,,yes,yes
MSF1200403,yes,SUCCESS,no,no,miles,,,,yes,yes
MSF1200405,yes,SUCCESS,no,yes,miles,,,,yes,yes
MSF1200501,yes,SUCCESS,yes,yes,miles,,,,yes,yes
MSF1200503,yes,SUCCESS,no,no,miles,,,,yes,yes
MSF1200505,yes,SUCCESS,no,yes,miles,,,,yes,yes
MSF1200601,yes,SUCCESS,yes,yes,miles,,,,yes,yes
MSF1200603,yes,SUCCESS,no,no,miles,,,,yes,yes
MSF1200605,yes,SUCCESS,no,yes,miles,,,,yes,yes
MSF1200701,yes,SUCCESS,yes,yes,miles,,,,yes,yes
MSF1200703,yes,SUCCESS,no,no,miles,,,,yes,yes
MSF1200705,yes,SUCCESS,no,yes,miles,,,,yes,yes
MSF1200801,yes,SUCCESS,yes,yes,miles,,,,yes,yes
MSF1200901,yes,SUCCESS,yes,yes,miles,,,,yes,yes
MSF1200903,yes,SUCCESS,no,no,miles,,,,yes,yes
MSF1200905,yes,SUCCESS,no,yes,miles,,,,yes,no
MSF1201001,yes,SUCCESS,yes,yes,miles,,,,yes,yes
MSF1201003,yes,SUCCESS,no,no,miles,,,,yes,yes
MSF1201005,yes,SUCCESS,no,yes,miles,,,,yes,yes
MSF1201101,yes,SUCCESS,yes,yes,miles,,,,yes,yes
MSF1201103,yes,SUCCESS,no,no,miles,,,,yes,yes
MSF1201105,yes,SUCCESS,no,yes,miles,,,,yes,yes
MSF1201201,yes,SUCCESS,yes,yes,miles,,,,yes,yes
MSF1201203,yes,SUCCESS,no,no,miles,,,,yes,yes
MSF1201205,yes,SUCCESS,no,yes,miles,,,,yes,yes
MSF1201301,yes,SUCCESS,yes,yes,miles,,,,yes,yes
MSF1201303,yes,SUCCESS,no,no,miles,,,,yes,yes
MSF1201305,yes,SUCCESS,no,yes,miles,,,,yes,yes
MSF1201401,yes,SUCCESS,yes,yes,miles,,,,yes,yes
MSF1201403,yes,SUCCESS,no,no,miles,,,,yes,yes
MSF1201405,yes,SUCCESS,no,yes,miles,,,,yes,yes
MSF1201501,yes,SUCCESS,yes,yes,miles,,,,yes,yes
MSF1201503,yes,SUCCESS,no,no,miles,,,,yes,yes
MSF1201505,yes,SUCCESS,no,yes,miles,,,,yes,yes
MSF1301001,yes,SUCCESS,yes,yes,miles,,,,yes,yes
MSF1301005,yes,SUCCESS,no,yes,miles,,,,yes,yes
MSF1302001,yes,SUCCESS,yes,yes,miles,,,,yes,yes
MSF1302005,yes,SUCCESS,no,yes,miles,,,,yes,yes
MSF1303001,yes,SUCCESS,yes,yes,miles,,,,yes,yes
MSF1303005,yes,SUCCESS,no,yes,miles,,,,yes,no
MSF1304001,yes,SUCCESS,yes,yes,miles,,,,yes,yes
MSF1304005,yes,SUCCESS,no,yes,miles,,,,yes,yes
MSF1305001,no,NEVER_SUCCEEDED,yes,no,,,,,,
MSF1306001,no,NEVER_SUCCEEDED,yes,no,,,,,,
MSF1307001,no,NEVER_SUCCEEDED,yes,no,,,,,,
MSF1308001,no,NEVER_SUCCEEDED,yes,no,,,,,,
MSF1401005,yes,SUCCESS,no,yes,miles,,,,yes,yes
MSF1402005,yes,SUCCESS,no,yes,miles,,,,yes,yes
MSF1403005,yes,SUCCESS,no,yes,miles,,,,yes,yes
MSF1404001,yes,SUCCESS,yes,yes,miles,,,,yes,yes
MSF1404005,yes,SUCCESS,no,yes,miles,,,,yes,yes
MSF1405001,yes,SUCCESS,yes,yes,miles,,,,yes,yes
MSF1405005,yes,SUCCESS,no,yes,miles,,,,yes,yes
MSF1406001,yes,SUCCESS,yes,yes,miles,,,,yes,yes
MSF1406005,yes,SUCCESS,no,yes,miles,,,,yes,yes
MSF1407001,yes,SUCCESS,yes,yes,miles,,,,yes,yes
MSF1407005,yes,SUCCESS,no,yes,miles,,,,yes,yes
MSF1408001,yes,SUCCESS,yes,yes,miles,,,,yes,yes
MSF1408005,yes,SUCCESS,no,yes,miles,,,,yes,yes
MSF1409001,yes,SUCCESS,yes,yes,miles,,,,yes,yes
MSF1409005,yes,SUCCESS,no,yes,miles,,,,yes,yes
MSF1410001,yes,SUCCESS,yes,yes,miles,,,,yes,yes
MSF1411001,yes,SUCCESS,yes,yes,miles,,,,yes,yes
MSF1412001,yes,SUCCESS,yes,yes,miles,,,,yes,yes
MSF1412005,yes,SUCCESS,no,yes,miles,,,,yes,yes
MSF1413001,yes,SUCCESS,yes,yes,miles,,,,yes,yes
MSF1413005,yes,SUCCESS,no,yes,miles,,,,yes,yes
MSF1414001,yes,SUCCESS,yes,yes,miles,,,,yes,yes
MSF1414005,yes,SUCCESS,no,yes,miles,,,,yes,yes
MSF1415001,yes,SUCCESS,yes,yes,miles,,,,yes,yes
MSF1415005,yes,SUCCESS,no,yes,miles,,,,yes,yes
MSF1416001,yes,SUCCESS,yes,yes,miles,,,,yes,yes
MSF1416005,yes,SUCCESS,no,yes,miles,,,,yes,yes
MSF1417001,yes,SUCCESS,yes,yes,miles,,,,yes,yes
MSF1418001,yes,SUCCESS,yes,yes,miles,,,,yes,yes
MSF1419001,no,NEVER_SUCCEEDED,yes,no,,,,,,
MSF1421001,yes,SUCCESS,yes,yes,miles,,,,yes,yes
MSF1421005,yes,SUCCESS,no,yes,miles,,,,yes,yes
MSF1422001,yes,SUCCESS,yes,yes,miles,,,,yes,yes
MSF1422005,yes,SUCCESS,no,yes,miles,,,,yes,yes
MSF1423001,yes,SUCCESS,yes,yes,miles,,,,yes,yes
MSF1423005,yes,SUCCESS,no,yes,miles,,,,yes,yes
MSF1424001,yes,SUCCESS,yes,yes,miles,,,,yes,yes
MSF1424005,yes,SUCCESS,no,yes,miles,,,,yes,yes
MSF1425001,yes,SUCCESS,yes,yes,miles,,,,yes,yes
MSF1425005,yes,SUCCESS,no,yes,miles,,,,yes,yes
MSF1426001,no,NEVER_SUCCEEDED,yes,no,,,,,,
MSF1427001,no,NEVER_SUCCEEDED,yes,no,,,,,,
MSF1428001,no,NEVER_SUCCEEDED,yes,no,,,,,,
MSF1429001,no,NEVER_SUCCEEDED,yes,no,,,,,,
MSF1430001,no,NEVER_SUCCEEDED,yes,no,,,,,,
MSF1431001,no,NEVER_SUCCEEDED,yes,no,,,,,,
MSF1432001,yes,SUCCESS,yes,yes,miles,,,,yes,yes
MSF1432005,yes,SUCCESS,no,yes,miles,,,,yes,yes
MSF1433001,yes,SUCCESS,yes,yes,miles,,,,yes,yes
MSF1433005,yes,SUCCESS,no,yes,miles,,,,yes,yes
MSF1434001,no,NEVER_SUCCEEDED,yes,no,,,,,,
MSF1434005,yes,SUCCESS,no,yes,miles,,,,yes,yes
MSF1435001,yes,SUCCESS,yes,yes,miles,,,,yes,yes
MSF1435005,yes,SUCCESS,no,yes,miles,,,,yes,yes
MSF1436001,yes,SUCCESS,yes,yes,miles,,,,yes,yes
MSF1436005,yes,SUCCESS,no,yes,miles,,,,yes,yes
MSF1437001,yes,SUCCESS,yes,yes,miles,,,,yes,yes
MSF1437005,yes,SUCCESS,no,yes,miles,,,,yes,yes
MSF1438001,yes,SUCCESS,yes,yes,miles,,,,yes,yes
MSF1438005,yes,SUCCESS,no,yes,miles,,,,yes,yes
MSF1531001,yes,SUCCESS,yes,yes,miles,,,,yes,yes
MSF1531005,yes,SUCCESS,no,yes,miles,,,,yes,yes
MSF1531007,yes,SUCCESS,no,no,miles,,,,yes,yes
MSF1532001,yes,SUCCESS,yes,yes,miles,,,,yes,yes
MSF1532005,yes,SUCCESS,no,yes,miles,,,,yes,yes
MSF1532007,yes,SUCCESS,no,no,miles,,,,yes,yes
MSF1533001,yes,SUCCESS,yes,yes,miles,,,,yes,yes
MSF1533005,yes,SUCCESS,no,yes,miles,,,,yes,yes
MSF1533007,yes,SUCCESS,no,no,miles,,,,yes,yes
MSF1534001,yes,SUCCESS,yes,yes,miles,,,,yes,yes
MSF1534005,yes,SUCCESS,no,yes,miles,,,,yes,yes
MSF1534007,yes,SUCCESS,no,no,miles,,,,yes,yes
MSF1535001,yes,SUCCESS,yes,yes,miles,,,,yes,yes
MSF1535005,yes,SUCCESS,no,yes,miles,,,,yes,yes
MSF1535007,yes,SUCCESS,no,no,miles,,,,yes,yes
MSF1536001,yes,SUCCESS,yes,yes,miles,,,,yes,yes
MSF1536005,yes,SUCCESS,no,yes,miles,,,,yes,yes
MSF1536007,yes,SUCCESS,no,no,miles,,,,yes,yes
MSF1537001,yes,SUCCESS,yes,yes,miles,,,,yes,yes
MSF1537005,yes,SUCCESS,no,yes,miles,,,,yes,yes
MSF1537007,yes,SUCCESS,no,no,miles,,,,yes,yes
MSF1538001,yes,SUCCESS,yes,yes,miles,,,,yes,yes
MSF1538005,yes,SUCCESS,no,yes,miles,,,,yes,yes
MSF1538007,yes,SUCCESS,no,no,miles,,,,yes,yes
MSF1539005,yes,SUCCESS,no,yes,miles,,,,yes,yes
MSF1539007,yes,SUCCESS,no,no,miles,,,,yes,yes
MSF1540005,yes,SUCCESS,no,yes,miles,,,,yes,yes
MSF1541001,yes,SUCCESS,yes,yes,miles,,,,yes,yes
MSF1541005,yes,SUCCESS,no,yes,miles,,,,yes,yes
MSF1542001,yes,SUCCESS,yes,yes,miles,,,,yes,yes
MSF1542005,yes,SUCCESS,no,yes,miles,,,,yes,yes
MSF1543001,yes,SUCCESS,yes,yes,miles,,,,yes,yes
MSF1543005,yes,SUCCESS,no,yes,miles,,,,yes,yes
MSF1544001,yes,SUCCESS,yes,yes,miles,,,,yes,yes
MSF1544005,yes,SUCCESS,no,yes,miles,,,,yes,yes
MSF1544007,yes,SUCCESS,no,no,miles,,,,yes,yes
MSF1545001,yes,SUCCESS,yes,yes,miles,,,,yes,yes
MSF1545005,yes,SUCCESS,no,yes,miles,,,,yes,yes
MSF1546001,yes,SUCCESS,yes,yes,miles,,,,yes,yes
MSF1546005,yes,SUCCESS,no,yes,miles,,,,yes,yes
MSF1546007,yes,SUCCESS,no,no,miles,,,,yes,yes
MSF1547001,yes,SUCCESS,yes,yes,miles,,,,yes,yes
MSF1547005,yes,SUCCESS,no,yes,miles,,,,yes,yes
MSF1547007,yes,SUCCESS,no,no,miles,,,,yes,yes
MSF1548001,yes,SUCCESS,yes,yes,miles,,,,yes,yes
MSF1548005,yes,SUCCESS,no,yes,miles,,,,yes,yes
MSF1548007,yes,SUCCESS,no,no,miles,,,,yes,yes
MSF1549001,yes,SUCCESS,yes,yes,miles,,,,yes,yes
MSF1549005,yes,SUCCESS,no,yes,miles,,,,yes,yes
MSF1549007,yes,SUCCESS,no,no,miles,,,,yes,yes
MSF1550001,yes,SUCCESS,yes,yes,miles,,,,yes,yes
MSF1550005,yes,SUCCESS,no,yes,miles,,,,yes,yes
MSF1551001,yes,SUCCESS,yes,yes,miles,,,,yes,yes
MSF1551005,yes,SUCCESS,no,yes,miles,,,,yes,yes
MSF1552001,yes,SUCCESS,yes,yes,miles,,,,yes,yes
MSF1552005,yes,SUCCESS,no,yes,miles,,,,yes,yes
MSF1553001,no,NEVER_SUCCEEDED,yes,no,,,,,,
MSF1554001,yes,SUCCESS,yes,yes,miles,,,,no,yes
MSF1554002,yes,SUCCESS,yes,yes,miles,,,,yes,yes
MSF1555000,yes,SUCCESS,yes,yes,miles,,,,yes,yes
MSF1555001,yes,SUCCESS,yes,yes,miles,,,,yes,yes
MSF1555005,yes,SUCCESS,no,yes,miles,,,,yes,yes
MSF1556001,yes,SUCCESS,yes,yes,miles,,,,yes,yes
MSF1556003,yes,SUCCESS,no,no,miles,,,,yes,yes
MSF1556005,yes,SUCCESS,no,yes,miles,,,,yes,yes
MSF1557001,yes,SUCCESS,yes,yes,miles,,,,yes,yes
MSF1557005,yes,SUCCESS,no,yes,miles,,,,yes,yes
MSF1558001,yes,SUCCESS,yes,yes,miles,,,,yes,yes
MSF1559001,no,NEVER_SUCCEEDED,yes,no,,,,,,
MSF1560001,yes,SUCCESS,yes,yes,miles,,,,yes,yes
MSF1560007,yes,SUCCESS,no,no,miles,,,,yes,yes
MSF1564005,yes,SUCCESS,no,yes,miles,,,,yes,yes
MSF1564006,yes,SUCCESS,no,yes,miles,,,,yes,yes
MSF1564007,yes,SUCCESS,no,yes,miles,,,,yes,yes
MSF1564008,yes,SUCCESS,no,yes,miles,,,,yes,yes
MSF1610001,yes,SUCCESS,yes,yes,miles,,,,yes,yes
MSF1620001,yes,SUCCESS,yes,yes,miles,,,,yes,yes
MSF1630001,yes,SUCCESS,yes,yes,miles,,,,yes,yes
MSF1640001,yes,SUCCESS,yes,yes,miles,,,,yes,yes
MSF1650001,yes,SUCCESS,yes,yes,miles,,,,yes,yes
MSF1660001,yes,SUCCESS,yes,yes,miles,,,,yes,yes
MSF1670001,yes,SUCCESS,yes,yes,miles,,,,yes,yes
MSF1680001,yes,SUCCESS,yes,yes,miles,,,,yes,yes
MSF1680005,yes,SUCCESS,no,yes,miles,,,,yes,yes
MSF1690001,yes,SUCCESS,yes,yes,miles,,,,yes,yes
MSF1700001,yes,SUCCESS,yes,yes,miles,,,,yes,yes
MSF1700005,yes,SUCCESS,no,yes,miles,,,,yes,yes
MSF1710001,no,NEVER_SUCCEEDED,yes,no,,,,,,
MSF1710005,yes,SUCCESS,no,no,miles,,,,yes,yes
MSF1720001,no,NEVER_SUCCEEDED,yes,no,,,,,,
MSF1720005,yes,SUCCESS,no,yes,miles,,,,yes,yes
MSF1730001,no,NEVER_SUCCEEDED,yes,no,,,,,,
MSF1730005,yes,SUCCESS,no,yes,miles,https://mileslubricants.com/product/show/585,,,yes,yes
MSF1740001,no,NEVER_SUCCEEDED,yes,no,,,,,,
MSF1750001,no,NEVER_SUCCEEDED,yes,no,,,,,,
MSF1760001,no,NEVER_SUCCEEDED,yes,no,,,,,,
MSF1770001,no,NEVER_SUCCEEDED,yes,no,,,,,,
MSF1770005,yes,SUCCESS,no,yes,miles,,,,yes,yes
MSF1780001,no,NEVER_SUCCEEDED,yes,no,,,,,,
MSF1780005,yes,SUCCESS,no,yes,miles,,,,yes,yes
MSF1790001,no,NEVER_SUCCEEDED,yes,no,,,,,,
MSF1790005,yes,SUCCESS,no,yes,miles,,,,yes,yes
MSF1800001,no,NEVER_SUCCEEDED,yes,no,,,,,,
MSF1800005,yes,SUCCESS,no,yes,miles,,,,yes,yes
MSF1901001,no,NEVER_SUCCEEDED,yes,no,,,,,,
MSF1901005,yes,SUCCESS,no,yes,miles,,,,yes,yes
MSF1902001,no,NEVER_SUCCEEDED,yes,no,,,,,,
MSF1902005,yes,SUCCESS,no,yes,miles,,,,yes,yes
MSF1903001,no,NEVER_SUCCEEDED,yes,no,,,,,,
MSF1903005,yes,SUCCESS,no,yes,miles,,,,yes,yes
MSF1904001,no,NEVER_SUCCEEDED,yes,no,,,,,,
MSF1904005,yes,SUCCESS,no,yes,miles,,,,yes,yes
MSF1905001,no,NEVER_SUCCEEDED,yes,no,,,,,,
MSF1905005,yes,SUCCESS,no,yes,miles,,,,yes,yes
MSF2002001,no,NEVER_SUCCEEDED,yes,no,,,,,,
MSF2003001,no,NEVER_SUCCEEDED,yes,no,,,,,,
MSF2004001,no,NEVER_SUCCEEDED,yes,no,,,,,,
MSF2006607,yes,SUCCESS,no,yes,miles,,,,yes,yes
MSF2006707,yes,SUCCESS,no,yes,miles,,,,yes,yes
MSF2009001,no,NEVER_SUCCEEDED,yes,no,,,,,,
MSF2010001,no,NEVER_SUCCEEDED,yes,no,,,,,,
MSF2021001,no,NEVER_SUCCEEDED,yes,no,,,,,,
MSF2021005,yes,SUCCESS,no,yes,miles,https://mileslubricants.com/product/show/1493,,,yes,yes
MSF2022001,no,NEVER_SUCCEEDED,yes,no,,,,,,
MSF2022005,yes,SUCCESS,no,yes,miles,,,,yes,yes
MSF2023001,no,NEVER_SUCCEEDED,yes,no,,,,,,
MSF2023005,yes,SUCCESS,no,yes,miles,,,,yes,yes
MSF2031001,no,NEVER_SUCCEEDED,yes,no,,,,,,
MSF2031005,yes,SUCCESS,no,yes,miles,,,,yes,no
MSF2032001,no,NEVER_SUCCEEDED,yes,no,,,,,,
MSF2032005,yes,SUCCESS,no,yes,miles,https://mileslubricants.com/product/show/1424,,,yes,yes
MSF2033001,no,NEVER_SUCCEEDED,yes,no,,,,,,
MSF2033005,yes,SUCCESS,no,yes,miles,https://mileslubricants.com/product/show/1425,,,yes,yes
MSF2034001,no,NEVER_SUCCEEDED,yes,no,,,,,,
MSF2034005,yes,SUCCESS,no,yes,miles,https://mileslubricants.com/product/show/1426,,,yes,yes
MSF2035001,no,NEVER_SUCCEEDED,yes,no,,,,,,
MSF2035005,yes,SUCCESS,no,yes,miles,https://mileslubricants.com/product/show/1435,,,yes,yes
MSF2036001,no,NEVER_SUCCEEDED,yes,no,,,,,,
MSF2036005,yes,SUCCESS,no,yes,miles,https://mileslubricants.com/product/show/1436,,,yes,yes
MSF2037001,no,NEVER_SUCCEEDED,yes,no,,,,,,
MSF2037005,yes,SUCCESS,no,yes,miles,https://mileslubricants.com/product/show/1437,,,yes,yes
MSF2038001,no,NEVER_SUCCEEDED,yes,no,,,,,,
MSF2038005,yes,SUCCESS,no,yes,miles,https://mileslubricants.com/product/show/1438,,,yes,yes
MSF2041001,no,NEVER_SUCCEEDED,yes,no,,,,,,
MSF2041005,yes,SUCCESS,no,yes,miles,https://mileslubricants.com/product/show/1453,,,yes,yes
MSF2042001,no,NEVER_SUCCEEDED,yes,no,,,,,,
MSF2042005,yes,SUCCESS,no,yes,miles,https://mileslubricants.com/product/show/1454,,,yes,yes
MSF2043001,no,NEVER_SUCCEEDED,yes,no,,,,,,
MSF2043005,yes,SUCCESS,no,yes,miles,https://mileslubricants.com/product/show/1455,,,yes,yes
MSF2044001,no,NEVER_SUCCEEDED,yes,no,,,,,,
MSF2044005,yes,SUCCESS,no,yes,miles,https://mileslubricants.com/product/show/1456,,,yes,yes
MSF2045001,no,NEVER_SUCCEEDED,yes,no,,,,,,
MSF2045005,yes,SUCCESS,no,yes,miles,https://mileslubricants.com/product/show/1457,,,yes,yes
MSF2046001,no,NEVER_SUCCEEDED,yes,no,,,,,,
MSF2046005,yes,SUCCESS,no,yes,miles,https://mileslubricants.com/product/show/1458,,,yes,yes
MSF2047001,no,NEVER_SUCCEEDED,yes,no,,,,,,
MSF2051001,no,NEVER_SUCCEEDED,yes,no,,,,,,
MSF2051005,yes,SUCCESS,no,yes,miles,,,,yes,no
MSF2052001,no,NEVER_SUCCEEDED,yes,no,,,,,,
MSF2052005,yes,SUCCESS,no,yes,miles,https://mileslubricants.com/product/show/1470,,,yes,no
MSF2053001,no,NEVER_SUCCEEDED,yes,no,,,,,,
MSF2053005,yes,SUCCESS,no,yes,miles,https://mileslubricants.com/product/show/1469,,,yes,no
MSF2054001,no,NEVER_SUCCEEDED,yes,no,,,,,,
MSF2054005,yes,SUCCESS,no,yes,miles,,,,yes,no
MSF2055001,no,NEVER_SUCCEEDED,yes,no,,,,,,
MSF2055005,yes,SUCCESS,no,yes,miles,https://mileslubricants.com/product/show/1478,,,yes,yes
MSF2061001,no,NEVER_SUCCEEDED,yes,no,,,,,,
MSF2061005,yes,SUCCESS,no,yes,miles,,,,yes,yes
MSF2062001,no,NEVER_SUCCEEDED,yes,no,,,,,,
MSF2062005,yes,SUCCESS,no,yes,miles,,,,yes,yes
MSF2063001,no,NEVER_SUCCEEDED,yes,no,,,,,,
MSF2063005,yes,SUCCESS,no,yes,miles,https://mileslubricants.com/product/show/1485,,,yes,yes
MSF2064001,no,NEVER_SUCCEEDED,yes,no,,,,,,
MSF2064005,yes,SUCCESS,no,yes,miles,,,,yes,yes
